round,respondent,role,task,success,time_s,clicks,errors,assists,seq,notes
1,R1,engineer,E1,0.5,265,5,0,0,7,тикет №1038 назван верно; просрочка «6 ч» вместо «2 д»; фильтр «Просрочен» не использован; первый клик на 234 с (доставка карточки в чате)
1,R1,engineer,E2,1,89,2,0,0,7,эталонный путь; далее исследование вне задания
1,R1,engineer,E3,1,44,2,0,0,7,модель и отсутствие ТО названы верно
1,R1,engineer,E4,1,50,3,0,0,7,эталонный путь; 23 с выбора статьи
1,R1,engineer,E5,1,61,3,0,0,7,лишний клик в поле ответа перед сменой статуса
1,R1,engineer,E6,1,37,2,0,0,7,эталонный путь
1,R1,engineer,E7,1,60,10,2,0,7,обход через профиль и «Демо» до надписи «Тикет ведёт Инженер #8» (U-02)
1,R1,admin,A1,0.5,68,0,0,0,7,период «7 дней» не открывался; «27 за неделю» не подтверждено экраном; время — верхняя граница
1,R1,admin,A2,0.5,13,3,0,0,7,интервал сохранён; история версий не открыта (U-17); активное время
1,R1,admin,A3,1,38,1,0,0,7,эталонный путь
1,R1,admin,A4,0,205,10,,0,5,инструкция отправлена рассылкой всем клиентам вместо статьи (U-08); активное время
1,R1,admin,A5,1,62,6,2,0,7,сначала «Публикации» и «Дашборд»; активное время
1,R1,admin,A6,0,110,3,,0,7,текст задания вставлен в текст статьи; дерево не изменено (U-09)
1,R1,admin,A7,1,67,3,0,0,7,плейсхолдер версии похож на значение (U-18)
1,R1,admin,A8,1,111,2,0,0,7,аудиторию после A7 переключил сам; U-03 не сработал
1,S1,client,C1,1,,7,1,0,5,синтетический; Ошибка: Войти без согласия ПД; U-01 замечен — сомнение без ложного вывода «всё в порядке»; Voyah вместо Li Auto из легенды — артефакт сценария; +2 тапа проверка через переключатель
1,S1,client,C2,1,,1,0,0,7,синтетический; Красная точка Масло ДВС → карточка; дата 02.10.2025 и 30 800 км названы; смутило «или» в остатке ресурса
1,S1,client,C3,1,,2,0,0,5,синтетический; №1101 по Li Auto L7 из карточки агрегата; ждал календарь; не понял записан ли — время сообщения принял за возможное время визита
1,S1,client,C4,1,,3,0,0,7,синтетический; Переключатель → Zeekr 001 → зона Редуктор; подпись «Редуктор» на миг сбила (масло а не агрегат)
1,S1,client,C5,1,,9,0,0,6,синтетический; Дерево до эскалации; №1103 с ходом диагностики; +2 тапа смена авто в форме (по умолчанию Zeekr с Авто); категория «Сбой приложения» смутила
1,S1,client,C6,1,,10,2,0,3,синтетический; 2 ошибки: общая статья про русификацию и тап по заголовку «Обучение · Zeekr 001»; машину пришлось менять на Авто (U-06); от чата минимум 6 тапов с «назад»
1,S1,client,C7,1,,5,0,0,6,синтетический; №1042 через Обращения; отправлено «6.12» (кириллицу инструмент не ввёл); нет отметки ответа инженера; счётчик на Новостях сбивает
1,S1,client,C8,1,,2,0,0,7,синтетический; Новости → RU 2.5.0 для Li Auto L7 видно в заголовке; 2 тапа включая «назад» из чата; у салонного фильтра не указана машина
1,S1,client,C9,1,,1,0,0,6,синтетический; Сам назвал «Нет подключения к интернету»; данные подтянулись без «Повторить»; вкладка Обращения запомнилась; 1017 решено и 1042/1101/1103 нет; в строках нет машины
1,S3,client,C1,1,,5,1,0,5,синтетический; U-01 замечен — усомнился в сводке; 1 ошибка: Войти без согласия ПД; VIN вставлен ведущим через буфер (служебные тапы не считались)
1,S3,client,C2,1,,1,0,0,7,синтетический; Масло двигателя; 02.10.2025 на 30 800 км; путь по эталону
1,S3,client,C3,1,,2,0,0,5,синтетический; Обращение №1101 по Li Auto L7; самооценка unsure — ждал выбор даты и СТО
1,S3,client,C4,1,,3,0,0,6,синтетический; Zeekr 001 — Масло редуктора (Скоро менять); ведущий закрыл чат №1101 стрелкой назад
1,S3,client,C5,1,,7,0,0,6,синтетический; Дерево пройдено до эскалации; обращение №1103 с ходом диагностики; категория Сбой приложения смутила
1,S3,client,C6,1,,8,2,0,4,синтетический; Статья Li Auto L7 открыта; 2 ошибки: Обучение при Zeekr и тап по заголовку; 8 тапов при эталоне 5 (U-06)
1,S3,client,C7,1,,5,0,0,6,синтетический; Сообщение Версия навигатора 6.12 в №1042; +1 тап — свайп назад из статьи; кириллица вставлена ведущим через буфер
1,S3,client,C8,1,,2,0,0,6,синтетический; RU 2.5.0 для Li Auto L7 через колокольчик; уведомление не открывал
1,S3,client,C9,1,,1,0,0,5,синтетический; Сам сказал нет интернета; после возврата сети список без Повторить; №1017 решено — №1042 №1101 №1103 нет
1,S2,client,C1,1,,4,0,0,5,синтетический; Путь = эталон; U-01 замечен: сомнение без вывода что всё в норме; нет подтверждения добавления авто; Пробег 0 км смутил
1,S2,client,C2,1,,1,0,0,6,синтетический; 1 тап по зоне схемы; перечитывала Остаток ресурса: перепробег ... или просрочено
1,S2,client,C3,1,,2,0,0,4,синтетический; 2 тапа = эталон от открытой карточки; ждала выбор даты а попала в Что случилось?; 10 окт. 12:00 приняла за время визита; фраза про удобное время не введена (артефакт метода)
1,S2,client,C4,1,,3,1,0,4,синтетический; 2 лишних свайпа вниз в поиске второго авто; переключатель в шапке найден не сразу; карточку открыла (необязательно)
1,S2,client,C5,1,,7,0,0,6,синтетический; Путь = эталон; 1 свайп внутри поля Описание (проверка текста); смутили категория Сбой приложения и подставленная Zeekr
1,S2,client,C6,1,,8,2,0,3,синтетический; 8 тапов при эталоне 5; 2 ошибки: тап по заголовку Обучение и возврат на Авто ради смены машины; подтверждает U-06
1,S2,client,C7,1,,5,0,0,6,синтетический; +1 тап назад из статьи эталоном не учтён; отправлено только 6.12 (кириллица не введена — артефакт метода)
1,S2,client,C8,1,,3,0,0,6,синтетический; +1 тап назад из чата; нашла по колокольчику с цифрой 2; открыла уведомление
1,S2,client,C9,1,,1,0,0,5,синтетический; Вкладка Обращения запомнилась с C7 — 1 тап; офлайн-экран напугал (Я что-то сломал?)
2,S1,client,C1,1,,7,1,0,4,синтетический; round2-fixed; Voyah вместо Li Auto — артефакт сценария; сводка «Нет данных о замене: 6» (U-01 исправлен); ошибка — Войти без согласия; +2 тапа проверка после цели не ошибка (самооценка 2)
2,S1,client,C2,1,,1,0,0,7,синтетический; round2-fixed; Эталонный путь; зона подписана «Масло двигателя» (U-13); сводка с «Нет данных: 1» не сбила
2,S1,client,C3,1,,3,0,0,6,синтетический; round2-fixed; U-10 исправлен — понял что время предложит инженер; 4 тапа по записи минус промах-артефакт; необязательный выбор времени +1 к раунду 1
2,S1,client,C4,1,,3,0,0,7,синтетический; round2-fixed; Переключатель найден сразу; подпись «Масло редуктора» на схеме (U-13) без путаницы
2,S1,client,C5,1,,8,0,0,6,синтетический; round2-fixed; Эталон 8; авто не подставлено (U-12) — выбрано верно; чипы перестроились и нужен свайп к Отправить; тап в инерцию не засчитан; «Сбой приложения» смутил (U-23)
2,S1,client,C6,1,,5,0,0,6,синтетический; round2-fixed; U-06 исправлен — переключатель на Обучении; 10→5 тапов и 2→0 ошибок; SEQ 3→6; Обучение открылось на Zeekr
2,S1,client,C7,1,,5,0,0,6,синтетический; round2-fixed; Номер в шапке чата целиком (U-14); нет отметки ответа инженера (U-20); Поддержка открылась на Неполадках; ввод с обходом раскладки вне счёта
2,S1,client,C8,1,,2,0,0,7,синтетический; round2-fixed; Колокольчик со счётчиком; ответ в заголовке первой строки без открытия
2,S1,client,C9,1,,1,0,0,6,синтетический; round2-fixed; Офлайн увиден на Авто до перехода; загрузка без Повторить; «Обращения» запомнились с C7; список офлайн не проверялся
2,S3,client,C1,1,,5,1,0,5,синтетический; round2-fixed; синтетический; ошибка: Войти без согласия ПД — ошибка показана у галочки (U-11 ок); сводка «Нет данных о замене: 6» понята (U-01 ок); нет подтверждения модели и «Пробег 0 км» (U-26); VIN вставлен ведущим из буфера (раскладка стенда)
2,S3,client,C2,1,,1,0,0,7,синтетический; round2-fixed; синтетический; 1 тап по красной зоне «Масло двигателя»; подписи схемы совпали (U-13 ок); «Остаток ресурса: перепробег» режет глаз (U-22)
2,S3,client,C3,1,,3,0,0,6,синтетический; round2-fixed; синтетический; форма «Запись на замену» — авто и описание подставлены; выбрано удобное время (необязательно); понял что время предложит инженер (U-10 ок); смутили три термина «Записаться / заявка / обращение»; хотел выбрать слот
2,S3,client,C4,1,,3,0,0,7,синтетический; round2-fixed; синтетический; переключатель найден сразу; подпись «Масло редуктора» на схеме (U-13 ок); после заявки №1101 «Масло двигателя» у Li осталось красным — новое замечание
2,S3,client,C5,1,,8,0,0,6,синтетический; round2-fixed; синтетический; авто не предвыбрано — выбран Zeekr 001 (U-12 ок); персона сочла это непоследовательным с записью; «Отправить» ниже первого экрана — 1 прокрутка (новое); категория «Сбой приложения» (U-23)
2,S3,client,C6,1,,5,0,0,6,синтетический; round2-fixed; синтетический; переключатель на «Обучении» найден сразу (U-06 ок); не хватило поиска по статьям (U-28); выбор авто общий — Li Auto L7 стала активной и на «Авто»
2,S3,client,C7,1,,5,0,0,6,синтетический; round2-fixed; синтетический; «Поддержка» открылась на «Неполадках» (вкладка запомнилась с C5) — тап «Обращения» входит в эталон; нет отметки ответа инженера (U-20); нет статуса доставки (U-29); кириллица перенабрана ведущим
2,S3,client,C8,1,,3,0,0,7,синтетический; round2-fixed; синтетический; колокольчик с бейджем 2 → первая запись в ленте; уведомление открыл; «Новости» внутри «Новостей» и нет кнопки записи (U-30); у напоминания о ТО не указана машина (U-21)
2,S3,client,C9,1,,1,0,0,6,синтетический; round2-fixed; синтетический; ошибка сети понята сразу; данные вернулись без «Повторить»; в строках нет машины (U-21) и нет фильтра по статусу; значок Wi-Fi в статус-баре при «Нет сети» — артефакт стенда
2,S2,client,C1,1,,4,0,0,6,синтетический; round2-fixed; Путь = эталон; модель Voyah Free определена по VIN сама; сводку не обсуждал — сомнения «в норме или нет» из раунда 1 нет; галочка ПД до «Войти» — U-11 не проявился; жалоба на ручной ввод VIN
2,S2,client,C2,1,,1,0,0,6,синтетический; round2-fixed; 1 тап по красной зоне «Масло двигателя»; подпись схемы совпала с карточкой (U-13); смутили «105 % интервала» и «перепробег»; цифры ответа ведущий переписал с экрана после C9
2,S2,client,C3,1,,3,0,0,6,синтетический; round2-fixed; Форма «Запись на замену»; выбран чип времени (будни утро) — необязательный тап; №1101 по Li Auto L7; SEQ 4→6; плашку «Инженер предложит дату и время в этом чате» не заметил — «позвонят или напишут»
2,S2,client,C4,1,,3,0,0,5,синтетический; round2-fixed; Переключатель найден без прокрутки (раунд 1 — 2 свайпа и 1 ошибка); Zeekr 001 → «Масло редуктора» «Скоро менять»; карточку открыл (необязательно); сомнение что шапка нажимается (U-25)
2,S2,client,C5,1,,8,0,0,6,синтетический; round2-fixed; Дерево до эскалации; №1103 с ходом диагностики; авто не подставлено — выбрал Zeekr 001 сам с сомнением (карточка C5 не называет машину); 2 прокрутки формы до «Отправить»
2,S2,client,C6,1,,5,0,0,5,синтетический; round2-fixed; Переключатель на «Обучении» (U-06); 5 тапов и 0 ошибок против 8 и 2 в раунде 1; SEQ 3→5; сам заметил что открыт Zeekr
2,S2,client,C7,1,,5,0,0,6,синтетический; round2-fixed; №1042 через «Обращения»; номер в шапке целиком (U-14); отправлено «Navigator version 6.12» — кириллица и автоисправление стенда; не знает как прислать скриншот
2,S2,client,C8,1,,3,0,0,7,синтетический; round2-fixed; Колокольчик с цифрой 2 → новость RU 2.5.0 для Li Auto L7; +1 «назад» из чата; нет кнопки записи в новости (U-30)
2,S2,client,C9,1,,1,0,0,5,синтетический; round2-fixed; Сам прочитал «Нет подключения к интернету» до действий; данные загрузились без «Повторить»; вкладка «Обращения» запомнилась с C7; 1017 решено — 1042 1101 1103 нет; офлайн-экран напугал
1,SE,engineer,E1,1,,1,0,0,6,синтетический; baseline; эталонный путь; величина «2 д» прочитана верно (в раунде 1 у R1 была ошибка U-19); просил сортировку по величине просрочки
1,SE,engineer,E2,1,,2,0,0,6,синтетический; baseline; эталонный путь; сомнение что «Взять в работу» назначает на себя; кроме смены шапки подтверждения нет
1,SE,engineer,E3,1,,0,0,0,6,синтетический; baseline; VIN …871122 и пробег 8 600 км прочитаны неверно (в фикстуре …071122 и 8 800) — артефакт ужатого скриншота; 1 скролл в клики не входит
1,SE,engineer,E4,1,,4,0,0,5,синтетический; baseline; +1 клик из-за просмотра перед отправкой; базу знаний нашёл за подписью «Быстрые ответы» с сомнением
1,SE,engineer,E5,1,,1,0,0,6,синтетический; baseline; эталонный путь; негде указать какой вендор и что запрошено; сомнение в паузе SLA (U-07)
1,SE,engineer,E6,1,,2,0,0,6,синтетический; baseline; эталонный путь; неясно «Решено» = «Закрыто» или нет; резолюцию система не запросила
1,SE,engineer,E7,1,,8,7,0,1,синтетический; baseline; U-02 воспроизведён (контроль baseline): 8 кликов при эталоне 1 и 7 ошибок; исполнитель прочитан как #6 вместо #8 (артефакт); Escape закрыл карточку
2,SE,engineer,E1,1,,1,0,0,7,синтетический; fixed; Фильтр с первого клика; «2 д» прочитано верно; U-07 и U-19 не проявились
2,SE,engineer,E2,1,,2,0,0,6,синтетический; fixed; Эталонный путь; сомнение что «Взять в работу» назначает исполнителя
2,SE,engineer,E3,1,,0,0,0,7,синтетический; fixed; VIN и пробег прочитаны неверно из-за уменьшенных скриншотов; на критерий не влияет
2,SE,engineer,E4,1,,3,0,0,6,синтетический; fixed; Базу знаний под «Быстрые ответы» нашёл наугад; около 1 с без отклика после «Отправить»
2,SE,engineer,E5,1,,1,0,0,7,синтетический; fixed; Вопрос о паузе SLA в «Ожидает вендора»; нет внутренней заметки
2,SE,engineer,E6,1,,2,0,0,6,синтетический; fixed; Сомнение что «Решено» и есть закрытие; комментарий о решении не запрошен
2,SE,engineer,E7,1,,2,1,0,3,синтетический; fixed; U-02 подтверждено; лишний клик по «Исполнитель»; SEQ 3 из-за тупика без следующего шага
1,SA,admin,A1,1,,1,0,0,6,синтетический; baseline; Выбор по числу тикетов (Li Auto L7) с оговоркой про Voyah Free по «На 10 авто»; наведение на заголовок кликом не считалось
1,SA,admin,A2,1,,4,0,0,6,синтетический; baseline; Ввела 12000 без пробела — U-04 не сработала; историю нашла по подсказке в форме
1,SA,admin,A3,1,,2,0,0,6,синтетический; baseline; +1 клик: проверяла на Zeekr 001 общие ли пороги — в интерфейсе это не сказано
1,SA,admin,A4,1,,5,1,0,5,синтетический; baseline; Критичный провал R1 (U-08) не повторился; лишний заход в «Публикации» из-за двух значений слова «публикация»
1,SA,admin,A5,1,,3,0,0,6,синтетический; baseline; Опубликовала без «Сохранить изменения» и не была уверена что правки войдут; cmd+a не сработал (инструмент)
1,SA,admin,A6,1,,9,0,0,4,синтетический; baseline; Критичный провал R1 (U-09) не повторился: при 1920×1080 дерево найдено после 3 прокруток; персона не уверена вступили ли правки в силу
1,SA,admin,A7,1,,3,0,0,7,синтетический; baseline; Плейсхолдер «RU 2.5.0» на миг приняла за значение (U-18)
1,SA,admin,A8,1,,2,0,0,5,синтетический; baseline; U-03 воспроизвелась: аудитория Li Auto L7 осталась от A7 — заметила перед отправкой
2,SA,admin,A1,1,,1,0,0,5,синтетический; fixed; Выбрала Li Auto L7 по числу тикетов и отдельно назвала Voyah Free по показателю на 10 авто
2,SA,admin,A2,1,,4,0,0,7,синтетический; fixed; Ввела 12000 без пробела и открыла историю кнопкой из подтверждения
2,SA,admin,A3,1,,2,0,0,6,синтетический; fixed; Лишний проверочный клик по вкладке Zeekr 001 для проверки общих порогов
2,SA,admin,A4,1,,4,0,0,6,синтетический; fixed; Сразу пошла в Базу знаний по подписям меню и опубликовала после черновика
2,SA,admin,A5,1,,4,0,0,6,синтетический; fixed; Заглушку заменила полностью и лишний раз нажала Сохранить изменения перед публикацией
2,SA,admin,A6,1,,12,0,0,5,синтетический; fixed; Недостижимый шаг нашла через Проверить дерево и сама исправила ссылку из шага 110
2,SA,admin,A7,1,,3,0,0,7,синтетический; fixed; Подсказку Например RU 2.6.0 прочитала как пример и ввела версию без заминки
2,SA,admin,A8,1,,1,0,0,7,синтетический; fixed; Форма уже сброшена на Новость и Все модели и смутило старое сообщение о релизе
